feature,contribution,abs_contribution
num__water_WaterTemp (C),1.817128130584316,1.817128130584316
num__water_AirTemp (C),-1.2101446280085102,1.2101446280085102
num__water_WaterDepth (m),0.7799181983999502,0.7799181983999502
num__water_Salinity (ppt),0.6022646806739894,0.6022646806739894
cat__country_Estonia,-0.24368782868341102,0.24368782868341102
num__year,-0.1921003440680021,0.1921003440680021
num__water_SecchiDepth (m),-0.13448082144010262,0.13448082144010262
num__water_pH,-0.07497239055072577,0.07497239055072577
cat__country_Brunei,0.01331052803378153,0.01331052803378153
cat__country_Italy,-0.0113103094286329,0.0113103094286329
cat__country_French Polynesia,-0.010692827770355165,0.010692827770355165
cat__country_Lithuania,-0.009319259861106991,0.009319259861106991
cat__country_France,-0.009075319166142433,0.009075319166142433
cat__country_Congo,0.007398306969857086,0.007398306969857086
cat__country_Sub-Saharan Africa,0.00730977821145252,0.00730977821145252
cat__country_Niger,-0.007133458364185489,0.007133458364185489
cat__country_Hong Kong,0.007083798443795989,0.007083798443795989
cat__country_Kenya,-0.006869084353923177,0.006869084353923177
cat__country_Bahamas,0.00671059504874094,0.00671059504874094
cat__country_Ukraine,-0.006067388899780435,0.006067388899780435
cat__country_European Union,-0.006062716015579893,0.006062716015579893
cat__country_Cuba,0.005884608486925258,0.005884608486925258
cat__country_Indonesia,0.004587430448903502,0.004587430448903502
cat__country_Trinidad and Tobago,0.004423314734282069,0.004423314734282069
cat__country_Vanuatu,0.004416536466361414,0.004416536466361414
num__production,-0.0044035937762162605,0.0044035937762162605
cat__country_Channel Islands,0.004300049205283233,0.004300049205283233
cat__country_Germany,0.0042703582883968985,0.0042703582883968985
cat__country_Rwanda,0.0038590357162426227,0.0038590357162426227
cat__country_Belarus,-0.0038199755679423205,0.0038199755679423205
cat__country_Heavily indebted poor countries (HIPC),0.0033734836612732163,0.0033734836612732163
cat__country_Laos,0.0033184304697313196,0.0033184304697313196
cat__country_Jamaica,0.0031803466198131315,0.0031803466198131315
cat__country_Kazakhstan,0.003068839371688527,0.003068839371688527
cat__country_Latvia,-0.002775763506466868,0.002775763506466868
cat__country_Pacific island small states,-0.0025345341577078092,0.0025345341577078092
cat__country_Namibia,0.002497215189139051,0.002497215189139051
cat__country_Mauritius,-0.0023669820788294947,0.0023669820788294947
cat__country_Romania,0.002309287581126005,0.002309287581126005
cat__country_Sweden,-0.002266029384820143,0.002266029384820143
cat__country_Peru,-0.0022555576036432977,0.0022555576036432977
cat__country_Iraq,0.0021890001502676243,0.0021890001502676243
cat__country_United States,-0.0021027467689882103,0.0021027467689882103
cat__country_Ghana,0.002075380828428825,0.002075380828428825
cat__country_Tajikistan,0.002032410696632241,0.002032410696632241
cat__country_IDA blend,-0.001861457754737447,0.001861457754737447
cat__country_Venezuela,-0.0017448397404108307,0.0017448397404108307
cat__country_Azerbaijan,0.0017417191856509188,0.0017417191856509188
cat__country_Russia,-0.0016766652167908734,0.0016766652167908734
cat__country_Slovakia,0.0015309618372756015,0.0015309618372756015
cat__country_Afghanistan,-0.001484057196299233,0.001484057196299233
cat__country_Iran,-0.001455821760873632,0.001455821760873632
cat__country_Austria,0.001418116039528673,0.001418116039528673
cat__country_Togo,0.0013900505714994863,0.0013900505714994863
cat__country_Grenada,0.001378589543405688,0.001378589543405688
cat__country_Central African Republic,-0.001367374973608684,0.001367374973608684
cat__country_Haiti,0.0013463429699630259,0.0013463429699630259
cat__country_Late-demographic dividend,0.0012538199244902834,0.0012538199244902834
cat__country_Sierra Leone,0.0012239737904349548,0.0012239737904349548
cat__country_Micronesia (country),0.001114138183620581,0.001114138183620581
cat__country_Post-demographic dividend,0.001113857890732734,0.001113857890732734
cat__country_Ethiopia,0.001056388842881655,0.001056388842881655
cat__country_Vietnam,0.0010537671225007196,0.0010537671225007196
cat__country_Guinea-Bissau,0.0009856228026444262,0.0009856228026444262
cat__country_Tuvalu,0.0009839871554855662,0.0009839871554855662
cat__country_East Asia & Pacific (excluding high income),0.000872522564969058,0.000872522564969058
cat__country_IDA total,0.000844412328176334,0.000844412328176334
cat__country_Europe & Central Asia (IDA & IBRD),0.0008111257884798111,0.0008111257884798111
cat__country_Upper middle income,0.0007747699108346881,0.0007747699108346881
cat__country_Tonga,-0.0007053589988271267,0.0007053589988271267
cat__country_Saudi Arabia,-0.0007010889793889341,0.0007010889793889341
cat__country_Armenia,0.0006628794446198367,0.0006628794446198367
cat__country_Saint Vincent and the Grenadines,0.0006622813107367128,0.0006622813107367128
cat__country_Liberia,0.0006299627610314225,0.0006299627610314225
cat__country_Uzbekistan,0.000593465737297604,0.000593465737297604
cat__country_Panama,0.0005564346017864271,0.0005564346017864271
cat__country_Timor,-0.0005281604494191592,0.0005281604494191592
cat__country_Burkina Faso,-0.00039662019443093227,0.00039662019443093227
cat__country_Angola,-0.0003603492931222637,0.0003603492931222637
cat__country_East Asia & Pacific,-0.0003103272608058898,0.0003103272608058898
cat__country_South Asia,-0.000294662298076556,0.000294662298076556
cat__country_Colombia,0.00026086401889807096,0.00026086401889807096
cat__country_Palestine,0.00024148298855992435,0.00024148298855992435
cat__country_Hungary,0.000195881531425487,0.000195881531425487
cat__country_Cote d'Ivoire,0.0001650566178286332,0.0001650566178286332
cat__country_Switzerland,7.701475561072913e-05,7.701475561072913e-05
cat__country_Early-demographic dividend,6.395047378522371e-05,6.395047378522371e-05
cat__country_Middle East & North Africa (IDA & IBRD),4.0109343382497977e-07,4.0109343382497977e-07
cat__country_Argentina,0.0,0.0
cat__country_Albania,-0.0,0.0
cat__country_Cyprus,0.0,0.0
cat__country_Croatia,0.0,0.0
cat__country_China,-0.0,0.0
cat__country_Costa Rica,0.0,0.0
cat__country_Caribbean Small States,-0.0,0.0
cat__country_Central Europe and the Baltics,0.0,0.0
cat__country_Chad,-0.0,0.0
cat__country_Chile,-0.0,0.0
cat__country_Cameroon,-0.0,0.0
cat__country_Canada,0.0,0.0
cat__country_Brazil,-0.0,0.0
cat__country_Botswana,0.0,0.0
cat__country_British Virgin Islands,-0.0,0.0
cat__country_Bulgaria,0.0,0.0
cat__country_Burundi,-0.0,0.0
cat__country_Cambodia,0.0,0.0
cat__country_Belize,-0.0,0.0
cat__country_Belgium,-0.0,0.0
cat__country_Bhutan,-0.0,0.0
cat__country_Benin,-0.0,0.0
cat__country_Barbados,0.0,0.0
cat__country_Bosnia and Herzegovina,-0.0,0.0
cat__country_Bolivia,-0.0,0.0
cat__country_Antigua and Barbuda,-0.0,0.0
cat__country_Bangladesh,0.0,0.0
cat__country_Bahrain,-0.0,0.0
cat__country_Aruba,0.0,0.0
cat__country_Australia,0.0,0.0
cat__country_American Samoa,0.0,0.0
cat__country_Africa Eastern and Southern,-0.0,0.0
cat__country_Algeria,-0.0,0.0
cat__country_Africa Western and Central,0.0,0.0
cat__country_Japan,0.0,0.0
cat__country_Jordan,-0.0,0.0
cat__country_Israel,0.0,0.0
cat__country_Ireland,0.0,0.0
cat__country_Iceland,-0.0,0.0
cat__country_IDA only,0.0,0.0
cat__country_India,-0.0,0.0
cat__country_Greece,0.0,0.0
cat__country_Guyana,-0.0,0.0
cat__country_Guinea,0.0,0.0
cat__country_Guatemala,0.0,0.0
cat__country_Guam,-0.0,0.0
cat__country_Honduras,0.0,0.0
cat__country_High income,0.0,0.0
cat__country_IBRD only,-0.0,0.0
cat__country_IDA & IBRD total,0.0,0.0
cat__country_Eswatini,-0.0,0.0
cat__country_Eritrea,-0.0,0.0
cat__country_Equatorial Guinea,0.0,0.0
cat__country_El Salvador,-0.0,0.0
cat__country_Ecuador,0.0,0.0
cat__country_Egypt,0.0,0.0
cat__country_Europe & Central Asia,0.0,0.0
cat__country_Euro area,0.0,0.0
cat__country_Fiji,-0.0,0.0
cat__country_Faeroe Islands,-0.0,0.0
cat__country_Europe & Central Asia (excluding high income),-0.0,0.0
cat__country_Fragile and conflict affected situations,-0.0,0.0
cat__country_Finland,0.0,0.0
cat__country_Gabon,0.0,0.0
cat__country_Gambia,-0.0,0.0
cat__country_Georgia,-0.0,0.0
cat__country_Democratic Republic of Congo,0.0,0.0
cat__country_Czechia,-0.0,0.0
cat__country_Denmark,-0.0,0.0
cat__country_Dominica,-0.0,0.0
cat__country_Dominican Republic,-0.0,0.0
cat__country_East Asia & Pacific (IDA & IBRD),-0.0,0.0
cat__country_Arab World,0.0,0.0
cat__country_Mozambique,-0.0,0.0
cat__country_Moldova,0.0,0.0
cat__country_Middle income,0.0,0.0
cat__country_Middle East & North Africa (excluding high income),0.0,0.0
cat__country_Middle East & North Africa,-0.0,0.0
cat__country_Mexico,-0.0,0.0
cat__country_Mali,0.0,0.0
cat__country_Latin America & Caribbean (excluding high income),0.0,0.0
cat__country_Latin America & Caribbean (IDA & IBRD),0.0,0.0
cat__country_Low & middle income,0.0,0.0
cat__country_Libya,-0.0,0.0
cat__country_Lebanon,0.0,0.0
cat__country_Low income,-0.0,0.0
cat__country_Malaysia,0.0,0.0
cat__country_Lower middle income,0.0,0.0
cat__country_Madagascar,-0.0,0.0
cat__country_Malawi,-0.0,0.0
cat__country_Marshall Islands,-0.0,0.0
cat__country_Malta,0.0,0.0
cat__country_Latin America & Caribbean,0.0,0.0
cat__country_Least developed countries: UN classification,0.0,0.0
cat__country_Lesotho,-0.0,0.0
cat__country_Kyrgyzstan,0.0,0.0
cat__country_Kuwait,0.0,0.0
cat__country_Kiribati,0.0,0.0
cat__country_Portugal,0.0,0.0
cat__country_Poland,0.0,0.0
cat__country_Philippines,0.0,0.0
cat__country_Paraguay,0.0,0.0
cat__country_Papua New Guinea,-0.0,0.0
cat__country_Other small states,-0.0,0.0
cat__country_Pakistan,-0.0,0.0
cat__country_Palau,0.0,0.0
cat__country_Norway,0.0,0.0
cat__country_OECD members,-0.0,0.0
cat__country_Northern Mariana Islands,-0.0,0.0
cat__country_Oman,-0.0,0.0
cat__country_Nigeria,0.0,0.0
cat__country_North America,0.0,0.0
cat__country_North Korea,-0.0,0.0
cat__country_North Macedonia,-0.0,0.0
cat__country_Morocco,-0.0,0.0
cat__country_Nepal,-0.0,0.0
cat__country_Nauru,-0.0,0.0
cat__country_Myanmar,-0.0,0.0
cat__country_Nicaragua,-0.0,0.0
cat__country_New Zealand,-0.0,0.0
cat__country_New Caledonia,0.0,0.0
cat__country_Netherlands,-0.0,0.0
cat__country_Montenegro,0.0,0.0
cat__country_Seychelles,-0.0,0.0
cat__country_Saint Kitts and Nevis,-0.0,0.0
cat__country_Saint Lucia,0.0,0.0
cat__country_Samoa,0.0,0.0
cat__country_Pre-demographic dividend,-0.0,0.0
cat__country_Puerto Rico,-0.0,0.0
cat__country_Qatar,-0.0,0.0
cat__country_Sudan,0.0,0.0
cat__country_Sub-Saharan Africa (excluding high income),-0.0,0.0
cat__country_Sub-Saharan Africa (IDA & IBRD),-0.0,0.0
cat__country_Sri Lanka,-0.0,0.0
cat__country_South Sudan,-0.0,0.0
cat__country_Spain,0.0,0.0
cat__country_South Korea,0.0,0.0
cat__country_South Asia (IDA & IBRD),0.0,0.0
cat__country_Singapore,0.0,0.0
cat__country_South Africa,0.0,0.0
cat__country_Solomon Islands,0.0,0.0
cat__country_Small states,0.0,0.0
cat__country_Slovenia,-0.0,0.0
cat__country_Senegal,0.0,0.0
cat__country_Serbia,-0.0,0.0
cat__country_Thailand,0.0,0.0
cat__country_Turks and Caicos Islands,0.0,0.0
cat__country_Turkmenistan,-0.0,0.0
cat__country_Turkey,-0.0,0.0
cat__country_Tunisia,-0.0,0.0
cat__country_Syria,0.0,0.0
cat__country_Suriname,-0.0,0.0
cat__country_Tanzania,-0.0,0.0
cat__country_Uganda,-0.0,0.0
cat__country_Uruguay,0.0,0.0
cat__country_United States Virgin Islands,-0.0,0.0
cat__country_United Arab Emirates,-0.0,0.0
cat__country_United Kingdom,-0.0,0.0
cat__country_World,0.0,0.0
cat__country_Yemen,-0.0,0.0
cat__country_Zambia,0.0,0.0
cat__country_Zimbabwe,-0.0,0.0
