feature,importance_mean,importance_std
year,0.23690096467110902,0.007298740982256654
water_Salinity (ppt),0.13574963647345634,0.011086303184892453
water_SecchiDepth (m),0.07152069408546986,0.005759833083136735
water_pH,0.050263500798391425,0.002458575415124981
water_WaterTemp (C),0.04318125695346234,0.0036056164222823713
water_AirTemp (C),0.026269784670388277,0.00279104471184798
water_WaterDepth (m),0.008624832908374028,0.00391466051122451
production,0.005589791642765518,0.0016009991045783482
country,0.005141287845061598,0.0034338173032670183
