feature,mean,median,mode
year,1992.0539589945956,1993.0,2015.0
production,1702216.4944174765,3706.0,0.0
temperature_celsius,0.0,0.0,0.0
precip_mm,0.0,0.0,0.0
humidity,0.0,0.0,0.0
water_Salinity (ppt),0.22848584636553834,0.2284858463655383,0.2284858463655383
water_pH,0.10506226412808273,0.1050622641280827,0.1050622641280827
water_SecchiDepth (m),-0.08255273029131503,-0.082552730291315,-0.082552730291315
water_WaterDepth (m),-0.014602992399744922,-0.0146029923997449,-0.0146029923997449
water_WaterTemp (C),-0.016665270045633417,-0.0166652700456334,-0.0166652700456334
water_AirTemp (C),-0.015270474769397722,-0.0152704747693977,-0.0152704747693977
genomic_GC_Content_global_mean,4.985641529250037e-16,4.985641529250036e-16,4.985641529250036e-16
genomic_AT_Content_global_mean,-4.985641529250037e-16,-4.985641529250036e-16,-4.985641529250036e-16
genomic_Sequence_Length_global_mean,0.0,0.0,0.0
genomic_Num_A_global_mean,-2.0132044179869507e-17,-2.013204417986951e-17,-2.013204417986951e-17
genomic_Num_T_global_mean,2.3684757858670006e-16,2.3684757858670006e-16,2.3684757858670006e-16
genomic_Num_C_global_mean,-2.9369099744750807e-16,-2.9369099744750807e-16,-2.9369099744750807e-16
genomic_Num_G_global_mean,6.898185726337639e-17,6.898185726337639e-17,6.898185726337639e-17
genomic_kmer_3_freq_global_mean,2.8421709430404014e-17,2.842170943040401e-17,2.842170943040401e-17
genomic_Mutation_Flag_global_mean,1.6046423449248937e-16,1.604642344924893e-16,1.604642344924893e-16
