model,accuracy,precision_macro,recall_macro,f1_macro,train_seconds,infer_ms_per_1000,model_size_mb,peak_train_ram_mb,group,recommended
LogReg_Tuned_C0.30,0.7379931389365352,0.7246473629798266,0.7341565147153917,0.7240002616441846,0.16626900000846945,1.6910377326764894,0.012558937072753906,2.8502492904663086,logreg_tuning,yes
XGBoost,0.8945111492281304,0.9154332710915237,0.8387226841665795,0.8626273478596636,0.7384312999929534,5.8324614069588305,0.9775238037109375,5.757428169250488,baseline_5_models,no
DecisionTree,0.8752144082332761,0.8975993142659809,0.8192005933132228,0.8445911649189347,0.06565809999301564,2.198670668526286,0.014544486999511719,5.758098602294922,baseline_5_models,no
RandomForest,0.8606346483704974,0.8477032493801383,0.816377028649868,0.828974081523739,1.7177548999898136,19.901843912415064,0.6334781646728516,9.30145263671875,baseline_5_models,no
ExtraTrees,0.8610634648370498,0.8952607613987585,0.8022425637399474,0.8322910919475076,1.12040960000013,24.973842191622126,3.101816177368164,8.421144485473633,baseline_5_models,no
LogisticRegression_XAI_Improved,0.7388507718696398,0.7224857368821391,0.7336953923760564,0.7233552568936531,0.2496536999969976,5.098927958679145,0.012558937072753906,2.8479528427124023,weak_model_branch,no
LogReg_Tuned_C0.50,0.7388507718696398,0.7224857368821391,0.7336953923760564,0.7233552568936531,0.1883399000071222,1.5200257278267153,0.012558937072753906,2.8393592834472656,logreg_tuning,no
LogisticRegression,0.7362778730703259,0.7149010322690278,0.7291119684568107,0.7183069662986369,0.3162639000074705,2.062349911652566,0.014206886291503906,5.809854507446289,baseline_5_models,no
LogisticRegression,0.7362778730703259,0.7149010322690278,0.7291119684568107,0.7183069662986369,0.3162639000074705,2.062349911652566,0.014206886291503906,5.809854507446289,weak_model_branch,no
LogReg_Tuned_C0.80,0.7324185248713551,0.7139620432277152,0.7265556080910276,0.7156582715569209,0.18495379999512807,1.7074185278682807,0.012558937072753906,2.8382349014282227,logreg_tuning,no
LogReg_Tuned_C1.20,0.7315608919382505,0.7120800621214814,0.7251484816142675,0.7140744010097125,0.2071509000088554,1.5920668998757124,0.012558937072753906,2.839045524597168,logreg_tuning,no
