feature,mean_abs_shap,relative_importance_pct
country (encoded),1.1863173050573925,70.36992428125254
year,0.43084196604589553,25.55666717377008
water_Salinity (ppt),0.02643722792545703,1.568202469431754
water_pH,0.014757483773981337,0.8753838550021313
water_AirTemp (C),0.008329817315803815,0.49410778321354987
water_WaterDepth (m),0.007106657097026627,0.42155241239307034
water_SecchiDepth (m),0.006698438226917429,0.3973377011540963
water_WaterTemp (C),0.002905785567068688,0.17236527652463737
decade,0.002435333978042658,0.14445904725813008
