index,true_label,P_r,S_r,G_r,R,predicted_label
92,High,0.3650655,0.37838578,0.6990693697798404,0.4198281569699668,Medium
95,High,0.37340015,0.38542286,0.930790020657602,0.46121655607715595,Medium
107,High,0.37340015,0.38542286,0.9523713129449715,0.46445374992026134,Medium
149,High,0.30553687,0.29952082,0.19001538420954367,0.2861030323285446,Low
169,Low,0.2544873,0.22767198,0.0006196542776096385,0.20702179736191734,Low
216,Medium,0.28467503,0.2549594,0.014769245834362935,0.2337887003498096,Low
218,Medium,0.28467503,0.26492557,0.017607494521141933,0.23770259087204945,Low
245,Low,0.21804397,0.19318317,0.0008732391084458536,0.17676708568163554,Low
248,Low,0.21913882,0.19967374,0.00526228932627943,0.1802445640982522,Low
267,Medium,0.32895634,0.32226223,0.009671691637875422,0.2787207131954494,Low
291,Low,0.2205047,0.19820106,0.012442978160634945,0.1814891564752244,Low
299,Low,0.2380186,0.19684243,0.00548944168085691,0.18872756554602807,Low
303,Low,0.2380186,0.19610597,0.005579498239237368,0.18848331374345395,Low
315,Low,0.34466204,0.3404892,0.01787405519972771,0.29418334559990544,Low
335,Low,0.3556363,0.33698735,0.008148037045202526,0.296985936559588,Low
407,Low,0.22340697,0.18790011,0.001866158426593269,0.17774844714712956,Low
408,Low,0.22340697,0.18790011,0.0015976008759653953,0.17770816351453536,Low
427,Medium,0.23946957,0.20624393,0.009994179697340457,0.1934192882018545,Low
428,Medium,0.26097763,0.23387296,0.010755839833336991,0.2139577244056341,Low
472,Medium,0.15788044,0.12853777,0.014416048850535738,0.12609084992496958,Low
496,Low,0.3556363,0.35026345,0.10577146667402768,0.3162760800989893,Low
510,Medium,0.18073584,0.15908934,0.001537983903242049,0.14627988417281998,Low
532,Medium,0.23832801,0.2107151,0.04772394460285737,0.20007288390672956,Low
533,Medium,0.24020094,0.22698736,0.07024178520201227,0.2100823068847635,Low
582,Medium,0.06664845,0.049628347,0.0012984500672370701,0.050888912772326926,Low
613,Medium,0.07835173,0.06375395,0.00660513312817536,0.062480515943767016,Low
624,Medium,0.27736562,0.26588327,0.0039606381323519565,0.23233606053689992,Low
673,Low,0.12218601,0.09738511,0.004979331435021252,0.09592469172794468,Low
700,Low,0.17630209,0.15190704,0.020347031968456726,0.14437055483723019,Low
714,Low,0.091201216,0.074399255,0.0014326177532545622,0.07185523513697195,Low
730,Low,0.103424825,0.08715599,0.005736514069987057,0.08307748498594056,Low
733,Low,0.12085477,0.092858605,0.00555333703250814,0.09376090349181164,Low
736,Low,0.14673701,0.110576175,0.0074052206162092205,0.11318094866698201,Low
765,High,0.5896332,0.6453188,0.9480758680017956,0.6628895427750374,Medium
794,High,0.6532709,0.71651983,0.9751727167308626,0.7236932811668559,High
836,Medium,0.13483737,0.10404169,0.0011781187455751755,0.10400999086500552,Low
856,Medium,0.15564887,0.124105655,0.002130787499588618,0.12158103599069146,Low
973,Low,0.1903613,0.15514009,0.013362982821014306,0.15148413463704985,Low
979,Low,0.23183066,0.19521998,0.013382543543799882,0.1862497045725322,Low
1076,Medium,0.25966766,0.23219194,0.02418242791604659,0.2147283746291871,Low
1078,Medium,0.27353346,0.24888892,0.0822345282947775,0.23621302643888825,Low
1082,High,0.29695007,0.28229246,0.6029845185086377,0.33772507171340654,Medium
1113,Low,0.25966766,0.22550385,0.0026354013331430204,0.20915548232864883,Low
1157,Medium,0.073826425,0.050207675,0.0012694982439255473,0.05467632320150697,Low
1166,Medium,0.07392529,0.05061504,0.00094945262948269,0.054820325271903864,Low
1175,Medium,0.07562656,0.053455647,0.003074160296992833,0.05698388085950559,Low
1190,Medium,0.085552335,0.06250286,0.004889714578683948,0.06538562444744941,Low
1208,Low,0.14265768,0.10202546,0.002001709100597943,0.10733800923183469,Low
1217,Low,0.14803354,0.10959977,0.0016928669635146798,0.11263061995541587,Low
1219,Low,0.15289082,0.11438124,0.001966671930825482,0.11677384626672802,Low
1247,Medium,0.32094997,0.32098138,0.047290484012610316,0.2799120485635767,Low
1272,Low,0.30461755,0.28235757,0.006079971289997604,0.2520459144557067,Low
1275,Low,0.31378838,0.2898432,0.021809704114952793,0.2616107712700902,Low
1277,Low,0.31378838,0.2898432,0.033391458656862896,0.2633480344513767,Low
1282,Low,0.3472721,0.33934897,0.059506265671846414,0.3013341379689868,Low
1285,Medium,0.3472721,0.33934897,0.060800273052214415,0.301528239076042,Low
1345,Low,0.28966674,0.26712695,0.007970675134088468,0.23952340249768286,Low
1350,Low,0.30408025,0.28338474,0.010927680375946448,0.2528639380995591,Low
1393,Medium,0.25666434,0.26436388,0.0346377880638328,0.22605519579746555,Low
1402,Medium,0.2914829,0.29956818,0.5642165996129461,0.3352228143437974,Medium
1408,High,0.3157339,0.34132907,0.7575355665620227,0.3909624620785722,Medium
1413,High,0.3550872,0.38808244,0.851501634922657,0.44109767842397596,Medium
1432,High,0.3873151,0.41677657,0.8365557097208507,0.4650126919569374,Medium
1453,Low,0.20767325,0.19022703,0.003648874184273895,0.17096341803979623,Low
1458,Medium,0.24192677,0.18919817,0.004978934449609487,0.1879295944456244,Low
1496,Low,0.14546943,0.114552505,0.0032282588204089408,0.11331232960999524,Low
1579,High,0.69692075,0.75221604,0.9340564242218999,0.751844463217483,High
1608,Low,0.3556363,0.34376192,0.08203712608493724,0.31044037268471325,Low
1688,High,0.40769896,0.46508825,0.9051674909494852,0.5024054990277071,Medium
1722,High,0.6304183,0.67198145,0.9425042497271967,0.6917782787554663,High
1766,Low,0.24455038,0.2143084,0.02715993619041434,0.20135710939180373,Low
1775,Medium,0.25202188,0.22904979,0.06050226896523266,0.21525370748269385,Low
1791,High,0.32110998,0.31287888,0.8220393629506955,0.39336850004845453,Medium
1803,High,0.3556363,0.35026345,0.8929486079304279,0.43435265128744927,Medium
1807,High,0.3556363,0.35026345,0.8955148130906708,0.4347375820614857,Medium
1839,Low,0.16858271,0.15476362,0.06115358807173972,0.1476316626929158,Low
1844,Low,0.20834363,0.1743438,0.09654991474638554,0.17967462934090223,Low
1845,Low,0.20834363,0.17577806,0.09959613354306568,0.18063355247870258,Low
1889,Medium,0.32110998,0.31287888,0.10558452356403797,0.28590027414045593,Low
1905,Medium,0.3556363,0.35026345,0.15407621904587385,0.3235217929547662,Low
1934,Medium,0.31515265,0.27250895,0.09704968235032313,0.26751190558245264,Low
1941,Medium,0.31515265,0.27250895,0.10288954519892389,0.26838788500974275,Low
1954,Medium,0.1938798,0.15075444,0.10646740514467339,0.16567406046156613,Low
1964,Medium,0.19620568,0.15185909,0.09759029080789831,0.16589206506359808,Low
2019,High,0.35075283,0.35039076,0.47440074333252674,0.36917329199418747,Medium
2034,Low,0.24455038,0.2143084,0.0018194934984212474,0.19755604298800478,Low
2069,Medium,0.3556363,0.35026345,0.07780221254280595,0.31208069197930605,Low
2087,Medium,0.18031162,0.14141616,0.0579502023924788,0.14834399279459418,Low
2127,Medium,0.2259736,0.19399233,0.02488727714004363,0.18461721441951728,Low
2142,Medium,0.26483986,0.23445816,0.07143672409653576,0.22519578949064004,Low
2144,Medium,0.26591426,0.24085811,0.06568436469569652,0.2271101245968563,Low
2168,Medium,0.26579258,0.2672606,0.036894282818639115,0.23197165148270188,Low
2231,Low,0.2015576,0.16667034,0.034877865093876234,0.16434510180025239,Low
2236,Low,0.19028573,0.16791752,0.05440527149384562,0.16207478038720094,Low
2271,Medium,0.23043804,0.20666705,0.03704549598363932,0.19310930628727063,Low
2319,High,0.61006284,0.6659429,0.9919119104190677,0.686898234850824,High
2337,High,0.6814431,0.7524301,0.981563456266262,0.7513066124035623,High
2344,High,0.7066079,0.77617514,0.9774413402617541,0.7715813919267143,High
2360,High,0.59868973,0.6626791,0.987560468413858,0.6794166143981261,High
2391,High,0.6681782,0.72404766,0.9866248255465061,0.735499541245306,High
2407,High,0.7177939,0.77512705,0.977008356456233,0.776742698819082,High
2425,High,0.62180316,0.6589221,0.9854317731247221,0.6893390570072215,High
2453,High,0.69637465,0.7479889,0.9803493178725218,0.7570358418947455,High
2503,High,0.6270418,0.6896526,0.9881768494279036,0.7031258623217173,High
2585,High,0.39563218,0.47538087,0.9672518063619021,0.5092871709024054,Medium
2613,Medium,0.28528005,0.29017377,0.07695324419191221,0.25574382722117117,Low
2620,High,0.3036696,0.30503604,0.9354523683859884,0.398915259022623,Medium
2742,Medium,0.27004203,0.24229023,0.02812006958027598,0.22404059601977455,Low
2751,Low,0.15016374,0.12160331,0.024119717878837838,0.1212609861795216,Low
2807,Low,0.2128746,0.18622674,0.029833749608170108,0.1760917210096078,Low
2818,High,0.5920102,0.6525574,0.9738061181496961,0.6704710923402217,High
2846,High,0.6830729,0.7567807,0.9757092832927815,0.7527660614163415,High
2874,High,0.60222,0.64800256,0.9438877825110816,0.6694940555717,High
2879,High,0.60222,0.64838594,0.971600791738653,0.6737851770112252,High
2882,High,0.60222,0.64838594,0.9707433626367219,0.6736565626459355,High
2884,High,0.60222,0.64838594,0.9707433626367219,0.6736565626459355,High
2899,High,0.66390634,0.7143603,0.9783975809567578,0.7287389118932696,High
2919,High,0.6970338,0.7563111,0.9797966865120808,0.760195320657171,High
2929,Medium,0.47424495,0.46059147,0.6403737382857347,0.4943855571265272,Medium
2948,High,0.5633018,0.6201415,0.972999742204353,0.6446504012606151,Medium
2993,Medium,0.23258778,0.2642549,0.6839113774326022,0.31136981163064503,Low
3017,High,0.5051743,0.5714419,0.9616490617670587,0.5968391361128982,Medium
3024,High,0.53342164,0.6053049,0.9604758346936784,0.6226389158496511,Medium
3035,High,0.5715571,0.64327985,0.9674082538603167,0.656037723140693,Medium
3059,High,0.58855134,0.64447105,0.9692018686050081,0.6652208187924907,Medium
3060,High,0.58855134,0.64447105,0.9692018686050081,0.6652208187924907,Medium
3125,Medium,0.29695007,0.28229246,0.20956616793044347,0.27871231912667743,Low
3126,Medium,0.29882398,0.2828892,0.20368745289723245,0.2789763217605355,Low
3131,Medium,0.32233518,0.31479484,0.6029699983430096,0.36179129395234866,Medium
3146,High,0.3556363,0.35026345,0.7602163193812717,0.4144428080050759,Medium
3194,Medium,0.34806776,0.32795453,0.0942915658290498,0.30296170681916645,Low
3206,Medium,0.3556363,0.31731915,0.11841470200389538,0.3066420468666701,Low
3238,Medium,0.096585214,0.06805832,0.014882169518189213,0.0743453476359422,Low
3284,Medium,0.25653952,0.26168194,0.10507288280248486,0.2356193701969383,Low
3307,High,0.33959395,0.35870725,0.8542413048968555,0.4234806974683082,Medium
3323,High,0.37003583,0.38566017,0.868246972712911,0.4502360254754181,Medium
3370,High,0.71041614,0.7583623,0.9574383638718406,0.7642506084206504,High
3403,Low,0.26687285,0.24445409,0.020186926824391098,0.22202340154387656,Low
3434,Medium,0.33533332,0.3108348,0.23232569485100205,0.3113076838689925,Low
3469,Low,0.17125863,0.15975985,0.02058582503874392,0.14463313966882124,Low
3524,Medium,0.29695007,0.28042895,0.03555003905627668,0.2519576610689365,Low
3529,Low,0.31366938,0.30911443,0.04507883746515908,0.2717865472422409,Low
3532,Low,0.32110998,0.31287888,0.06339090515457782,0.2795712313790369,Low
3570,High,0.2867054,0.32880068,0.5893093494906352,0.3468293271710623,Medium
3574,High,0.29345348,0.34207803,0.7210061775043928,0.3746049676298398,Medium
3585,High,0.34604907,0.41139916,0.791503093911319,0.4357396814634068,Medium
3602,High,0.40663293,0.47713315,0.7223787096866602,0.478669854815731,Medium
3679,Medium,0.21529104,0.20818043,0.035410204748114876,0.1858202039032878,Low
3694,Medium,0.24600442,0.24840705,0.28996979301039544,0.25344013438353563,Low
3706,High,0.37623286,0.3815471,0.5460914131653102,0.40357160801666664,Medium
3710,High,0.38470697,0.38691157,0.7684679327112462,0.44304271783980764,Medium
3728,Low,0.23157758,0.19501168,0.005644239293973397,0.18488950689247857,Low
3753,Low,0.12990962,0.09087921,0.006607678431745206,0.09775368972099957,Low
3773,Low,0.16226211,0.12307497,0.017363433377356494,0.12681181048399376,Low
3780,Low,0.20006946,0.167449,0.04206478356459917,0.16495159232488152,Low
3785,Low,0.20006946,0.167449,0.04445194434156468,0.16530966644142636,Low
3846,Low,0.22650446,0.20193957,0.028315796309086302,0.18817845193346927,Low
3858,Low,0.26659733,0.24683863,0.06919981677386078,0.2300721580372049,Low
3942,Low,0.22358215,0.16936007,0.0051218857225123,0.17183538660193,Low
4064,High,0.62495124,0.6848837,0.8944225519114867,0.6863483221711835,High
4074,High,0.6263287,0.68192255,0.9496027923594529,0.6942776843454035,High
4089,High,0.6870711,0.74280787,0.7902773582519101,0.7220598513421567,High
4098,High,0.7261402,0.7777977,0.9310195738700531,0.7749522610698268,High
4122,Low,0.2456386,0.21687093,0.12358813925177568,0.21726234174309778,Low
4128,Medium,0.25966766,0.23219194,0.1360506935144974,0.2315086144689547,Low
4184,Medium,0.06844696,0.048806384,0.02239048378614389,0.054664283837300244,Low
4194,Medium,0.07227476,0.050931443,0.029190575996823797,0.05834197192188914,Low
4238,Medium,0.083814345,0.059979025,0.02349192209492136,0.06642361627139153,Low
4254,Medium,0.08755078,0.06804525,0.03325188680284156,0.07257901061146399,Low
4262,Medium,0.09772343,0.07896173,0.06056058061164679,0.08558240928060123,Low
4374,High,0.68622106,0.75335145,0.9634396545417688,0.7512994574357209,High
4392,High,0.72535396,0.78777796,0.9631514993521125,0.7828719682576142,High
4412,Medium,0.2692211,0.26180738,0.17402363270253168,0.2523466832186732,Low
4464,High,0.5651962,0.6231715,0.9549077686733647,0.6439442684809363,Medium
4513,High,0.6890786,0.7556102,0.9554894540774937,0.7523263063142913,High
4526,High,0.614272,0.6622769,0.9334593745238017,0.6789518256808286,High
4607,Medium,0.27488682,0.24609652,0.0985428792903893,0.23835861835882177,Low
4609,Medium,0.27989012,0.25171897,0.09890391661991023,0.24288228785137733,Low
4676,High,0.72737193,0.7613244,0.9576136424954712,0.7737915300550458,High
4680,High,0.72737193,0.76220804,0.9595781885068291,0.7743955004584889,High
4693,High,0.558837,0.6354314,0.9425015443308286,0.6431947230360379,Medium
4708,High,0.558837,0.63582784,0.9454725183372857,0.6437791287500435,Medium
4724,High,0.6210209,0.66559553,0.9402128142248852,0.6845008147080431,High
4730,High,0.63367397,0.67734563,0.9621390307583428,0.6982287854647341,High
4731,High,0.63236964,0.6753981,0.9634131486159897,0.6970861300072422,High
4740,High,0.6674594,0.7107755,0.9607171339237544,0.7266086835033275,High
4743,High,0.6674594,0.71126086,0.96113655088163,0.7268415288892636,High
4754,Low,0.24455038,0.21402034,0.01760648006536175,0.19982326971640826,Low
4755,Low,0.24455038,0.21402034,0.01760648006536175,0.19982326971640826,Low
4768,Medium,0.24455038,0.2143084,0.1023327782778881,0.21263303570492478,Low
4772,Medium,0.2456386,0.22115912,0.11952834061131858,0.21815424670479594,Low
4786,High,0.32020253,0.30222273,0.6965306163999159,0.37035880626995443,Medium
4794,High,0.38991928,0.39155453,0.7783107326604599,0.44875032255318276,Medium
4826,Medium,0.13091812,0.103382476,0.044163211472463854,0.10826740328783277,Low
4836,Medium,0.1410337,0.1148636,0.09722928379447013,0.12530349966059737,Low
4867,Medium,0.2618322,0.25869244,0.015116414347138618,0.22372592701298694,Low
4884,Medium,0.26273838,0.26161304,0.040610430442875066,0.22902531889134428,Low
4896,High,0.32144454,0.32977632,0.606506079245895,0.3671198799922004,Medium
4919,High,0.37559178,0.40368453,0.8980360656740752,0.46379087909702194,Medium
4921,High,0.37559178,0.40368453,0.9125630048049566,0.46596991996665416,Medium
4969,Medium,0.08003674,0.066030726,0.11421081607017601,0.08026074198555005,Low
4975,Medium,0.08003674,0.066030726,0.12725501852934412,0.08221737235442526,Low
4999,High,0.4467226,0.5153045,0.7292266610907334,0.5131018746442618,Medium
5025,High,0.5792305,0.66031134,0.8851993062379162,0.6535040732962221,Medium
5076,Medium,0.22856426,0.20122989,0.0834770305413789,0.19723414336828568,Low
5090,Medium,0.26116166,0.23830426,0.09913636609406129,0.22885777557565398,Low
5106,High,0.6033883,0.6540593,0.8594139913153653,0.659527011207223,Medium
5113,High,0.6033883,0.6544264,0.85287322815845,0.6586743447431767,Medium
5146,High,0.7108931,0.7822735,0.8863406224637428,0.7621933943568051,High
5153,High,0.7108931,0.7822735,0.8738695417107458,0.7603227322438555,High
5163,Low,0.25966766,0.23459388,0.027820401291056767,0.2161147494465119,Low
5204,Medium,0.263957,0.23923773,0.0323233442121344,0.2205601995678782,Low
5206,Medium,0.27125162,0.24327463,0.044328638036639945,0.22742123426788918,Low
5261,Medium,0.2486499,0.20800902,0.041098309303998916,0.2032928485789418,Low
5268,Medium,0.28434718,0.24692224,0.06205207557814264,0.23790418572923086,Low
5273,Medium,0.2917752,0.24580154,0.07763526756350547,0.2435634164792066,Low
5278,Medium,0.2917752,0.24580154,0.06394169695568636,0.24150938088803375,Low
5294,Medium,0.13758518,0.11593837,0.012023464532749514,0.11117454106987366,Low
5325,Low,0.13407327,0.09730954,0.015696011589769205,0.10344937780600841,Low
5335,Low,0.13407327,0.09736904,0.01449507229479679,0.10329006128453096,Low
5372,Medium,0.33497462,0.3345696,0.113401396792946,0.30159687753346826,Low
5380,Low,0.16830222,0.1255604,0.01758046169954515,0.13073432031255658,Low
5403,Low,0.18499176,0.14986287,0.014344443431814683,0.14709955298175217,Low
5405,Low,0.19510043,0.16054077,0.0139300045094435,0.15582898284079946,Low
5426,Low,0.2899706,0.2611627,0.0953165868833178,0.2506897327291148,Low
5496,High,0.589956,0.655787,0.7286486708962719,0.6338007701016038,Medium
5561,Medium,0.23039778,0.18836474,0.05607853474726312,0.18953833005206291,Low
5613,Low,0.22244062,0.1956118,0.061509969501866726,0.18891092578607407,Low
5674,Low,0.21362856,0.18472631,0.05991643457004899,0.1804559615081392,Low
5680,Low,0.21362856,0.18472631,0.06733404014862558,0.18156860234492567,Low
5682,Medium,0.21362856,0.18498422,0.0970615835615449,0.1861180050913759,Low
5706,High,0.40589738,0.48514566,0.9076944103960275,0.5089038478005541,Medium
5709,High,0.43263504,0.521701,0.9164385378444051,0.5363786277187446,Medium
5730,High,0.46943757,0.5613823,0.9639814752769662,0.5757998117570906,Medium
5740,Medium,0.17282361,0.13848498,0.1894118858007825,0.1632933389042055,Low
5746,Medium,0.18195885,0.14475527,0.1714506328421017,0.16736137241597743,Low
5767,High,0.6004244,0.64781547,0.7372761331842717,0.6375390375084635,Medium
5769,High,0.6004244,0.64781547,0.7967545000923171,0.6464607925446704,Medium
5787,High,0.62121177,0.67228043,0.9336046338937241,0.6859447354206675,High
5800,High,0.6876539,0.754071,0.9145381808438824,0.7449325138354141,High
5847,Low,0.34466204,0.3404892,0.10970117121433952,0.3079574130020972,Low
5852,Medium,0.3556363,0.35026345,0.11684781364437721,0.31793753214454173,Low
5860,Medium,0.3556363,0.35026345,0.11902722708597614,0.31826444416078153,Low
5896,Low,0.20324764,0.1718888,0.013256532853949413,0.1637733821430964,Low
5938,Low,0.1309398,0.09542701,0.015417887823599001,0.10118203670633098,Low
5943,Low,0.13856511,0.11052694,0.009288199573034955,0.10936021176416798,Low
6021,Low,0.23115043,0.20481224,0.06886965831643602,0.1975899440057967,Low
6025,Low,0.23115043,0.20555559,0.03953638875259471,0.1934501278456651,Low
6076,High,0.61957586,0.6617958,0.8963828143183541,0.6758738883838676,High
6080,High,0.61957586,0.6617958,0.903594738857206,0.6769556770646954,High
6084,High,0.6209612,0.669348,0.9227732787573917,0.6831683512038675,High
6110,High,0.7337154,0.78433895,0.9455897396399914,0.7832148370980373,High
6125,Medium,0.23771699,0.1812621,0.460735524418403,0.2514105684641673,Low
6148,High,0.48574314,0.5672161,0.9392590245214484,0.5822860437722114,Medium
6216,High,0.68200785,0.7381626,0.934899715943745,0.7395957810228484,High
6244,Low,0.24814577,0.22472084,0.06906595227432302,0.21308506488399515,Low
6306,Low,0.29882398,0.2828892,0.09553812922327144,0.26275392320944135,Low
6321,Medium,0.3556363,0.34972602,0.16672930947150127,0.3252316442596992,Low
6347,High,0.4805863,0.5579951,0.7486928115098653,0.5478953213961271,Medium
6390,High,0.6120276,0.7088057,0.6690818000426106,0.6544580150930616,Medium
6414,Medium,0.3556363,0.35026345,0.1131384664866637,0.3173811300708847,Low
6417,Medium,0.3556363,0.35026345,0.1177726409104346,0.31807625623445035,Low
6424,Medium,0.3556363,0.35026345,0.12380553121904256,0.3189811897807415,Low
6508,Low,0.14806615,0.11853545,0.024913858511984084,0.11925755607171949,Low
6522,Low,0.22651228,0.19524369,0.06840844402110544,0.19185268796890373,Low
6532,Low,0.22651228,0.19524369,0.10926763407950184,0.19798156647766318,Low
6545,Low,0.19848144,0.1564774,0.01819505030794132,0.15673706492019174,Low
6596,Medium,0.24455038,0.2143084,0.07684073643564948,0.208809229428589,Low
6658,Low,0.21468207,0.18840939,0.09611897222676051,0.1877021678574058,Low
6671,Low,0.21747498,0.19395432,0.19936561164492633,0.20652633842413765,Low
6691,Medium,0.44339314,0.48450193,0.17180914865917385,0.417043619136492,Medium
6714,High,0.53927606,0.6028685,0.9121287656623702,0.6174613355517176,Medium
6769,High,0.34212375,0.41851765,0.9068383628484692,0.45356878421242663,Medium
6775,High,0.37269363,0.460717,0.9300627561116983,0.48710719126023005,Medium
6786,High,0.39639023,0.482286,0.9417740947797487,0.5082613296329169,Medium
6840,High,0.4287568,0.4841262,0.9368801501291326,0.5243545828297337,Medium
6885,High,0.6390079,0.72007215,0.9590687942980587,0.7153895287585088,High
7019,Low,0.22125645,0.1871687,0.011590540114366752,0.17787584956039842,Low
7020,Low,0.22125645,0.1871687,0.011590540114366752,0.17787584956039842,Low
7046,Low,0.33861607,0.3273118,0.10908710793378625,0.30023024653751057,Low
7070,Medium,0.24455038,0.21402034,0.06928136647415745,0.20757450267772762,Low
7095,Medium,0.29695007,0.28042895,0.2793505155430304,0.2885277325419496,Low
7103,High,0.32110998,0.31287888,0.5475307746203305,0.3521922117988998,Medium
7104,High,0.32895634,0.32226223,0.5506249536102388,0.3598637024913039,Medium
7111,High,0.3556363,0.35026345,0.679331955720464,0.4023101534559547,Medium
7118,High,0.3556363,0.35026345,0.6308327669736313,0.39503527514392983,Medium
7127,Low,0.2647637,0.22499652,0.018743511800217542,0.21394217562142728,Low
7134,Low,0.2956277,0.26527485,0.044122976648176826,0.24727850296905118,Low
7145,Low,0.3579195,0.35038897,0.14301383439499615,0.32304797164171706,Low
7200,Low,0.19136907,0.16415003,0.04651451971207052,0.16011422107528744,Low
7243,Medium,0.23377128,0.1873068,0.08310517116798585,0.1949087984031642,Low
7255,Medium,0.28188133,0.24682313,0.23379951419391667,0.26239868954115875,Low
7302,High,0.63944006,0.67916125,0.8989077103820203,0.6922626091940218,High
7306,High,0.67340535,0.7258776,0.852833519405811,0.7186848416964247,High
7324,High,0.73353297,0.78631353,0.8637061152312081,0.7715321545817393,High
7371,Medium,0.30527034,0.2846778,0.16548573179368087,0.2770952570487915,Low
7403,Medium,0.27495685,0.25911212,0.09900950188108426,0.2430190932671251,Low
7428,High,0.32686245,0.36809045,0.5124343260978578,0.3691280309089261,Medium
7458,Low,0.24455038,0.2143084,0.04195454239426475,0.20357630032238128,Low
7472,Low,0.2871115,0.27192026,0.0979232598419318,0.2534163267772694,Low
7478,Medium,0.30408025,0.28915694,0.13821917516059315,0.2739779319495956,Low
7496,Medium,0.3556363,0.35026345,0.2792945937523538,0.3423045491607382,Medium
7516,Low,0.21525678,0.1752238,0.06622108761065662,0.178889889931073,Low
7530,Low,0.27053636,0.23380774,0.15047522204438135,0.23967217179733408,Low
7532,Medium,0.27053636,0.23302501,0.21148406765448785,0.24854955569146236,Low
7633,High,0.6851581,0.7373005,0.9177550838058763,0.7382974798331495,High
7637,High,0.70641863,0.7599815,0.9327692955541554,0.7591182465822688,High
7675,High,0.48960254,0.560292,0.8623914029464188,0.5702621952632824,Medium
7685,High,0.53788847,0.6246413,0.8893526833695328,0.6209715789771402,Medium
7727,Medium,0.17768817,0.14245677,0.11712728929178336,0.15627305059381785,Low
7766,Medium,0.24455038,0.2143084,0.18171382603438443,0.22454019286839924,Low
7782,High,0.27353346,0.24888892,0.6953538031863641,0.32818091767262625,Low
7822,High,0.59721684,0.6518731,0.9010147910891487,0.6619162538882868,Medium
7836,High,0.6068083,0.66964775,0.916468682782543,0.675251183345421,High
7912,Low,0.24826762,0.22617619,0.17037272635508274,0.22885137823732002,Low
7920,Medium,0.25193805,0.24362302,0.3446246896271653,0.2629307763887159,Low
7948,Medium,0.25966766,0.23085165,0.029808945804619118,0.21510324885692944,Low
7959,Medium,0.32233518,0.3063346,0.050500854960787656,0.27595982329721874,Low
8051,Medium,0.15600967,0.1218774,0.021538717601294173,0.12389273688995761,Low
8077,Medium,0.20668334,0.16185726,0.10610582221190766,0.17590758470988369,Low
8092,High,0.4198343,0.42419308,0.48328220668022476,0.4308770594337354,Medium
8145,Low,0.17379422,0.1485282,0.05968489106149958,0.1478347150320582,Low
8157,Low,0.093381636,0.06658336,0.0014971380853535676,0.07021956422066512,Low
8200,Low,0.2330773,0.20183568,0.027135688837142298,0.1912514982783454,Low
8236,Low,0.18568377,0.14896245,0.011791747578833053,0.1467475089086374,Low
8241,Medium,0.1844361,0.14890592,0.013372172266056057,0.146340946756275,Low
8247,Medium,0.1823705,0.15377092,0.029688450368623016,0.14945834467893543,Low
8257,Medium,0.20705236,0.18162908,0.03596898762101784,0.17249170966105887,Low
8274,Medium,0.21096313,0.18089792,0.04075011447199913,0.17490835612286437,Low
8295,Low,0.16914272,0.13226618,0.007274330032214363,0.13195568030660523,Low
8296,Low,0.16914272,0.13528806,0.007499559344119178,0.13304711932260788,Low
8341,Low,0.2977042,0.2858829,0.02102261200195295,0.2520645043472137,Low
8376,Medium,0.22516201,0.17939441,0.10632953745039894,0.19131848469661564,Low
8379,Medium,0.21967943,0.17145343,0.08089637942245548,0.18198286918868264,Low
8382,Medium,0.22055718,0.1768268,0.0676691117502348,0.18231833849276746,Low
8390,Medium,0.25213626,0.20795603,0.13757421751894983,0.2194888803065992,Low
8410,High,0.36382362,0.3951093,0.6331301755132398,0.4151695821646172,Medium
8425,High,0.5918819,0.64131105,0.9344603770272883,0.6605688654377603,Medium
8462,High,0.6837918,0.77408296,0.9586958159921384,0.7566292892384203,High
8495,Medium,0.19981682,0.1957977,0.10047706994507241,0.1835091606275641,Low
8526,High,0.39027435,0.41746086,0.7805185092466126,0.45832622905041354,Medium
8530,High,0.39027435,0.41746086,0.8177174732244034,0.46390607364708214,Medium
8630,High,0.6676648,0.7204062,0.9435174168237702,0.7275021866126158,High
8649,High,0.70337796,0.7651163,0.9479661033648817,0.7616745717242147,High
8670,Medium,0.2664786,0.25893807,0.1539552010913157,0.24696090516179,Low
8701,High,0.38361734,0.3982916,0.8486212271863698,0.4585039165379774,Medium
8715,Low,0.12608434,0.09585182,0.010633487283060657,0.0981853334276184,Low
8735,Low,0.12696798,0.096930064,0.020762337394859137,0.10052386718218115,Low
8774,Low,0.12560275,0.095223874,0.0182456605209799,0.09886657942196565,Low
8779,Low,0.12560275,0.095223874,0.020724615415547674,0.09923842265615082,Low
8791,Low,0.14081824,0.11035775,0.018514238853972298,0.1118114654808821,Low
8858,Medium,0.21801576,0.19429514,0.15791684905466338,0.2006987043019785,Low
8877,Medium,0.24705303,0.22180535,0.07860529356863907,0.21294916858325424,Low
8971,Low,0.3092043,0.28455564,0.09933971357099843,0.26909760086499546,Low
8998,Low,0.12754895,0.09247782,0.0013516853239622243,0.09634446367601285,Low
9072,Low,0.20142466,0.16563857,0.01139842239670684,0.16039559657521954,Low
9073,Low,0.20142466,0.16563857,0.012355610954533906,0.16053917485889357,Low
9113,Low,0.1033846,0.073835656,0.0036218942591393693,0.0780780640451438,Low
9115,Low,0.11527103,0.088096984,0.0055163891750843515,0.08929691898283766,Low
9150,Low,0.23526762,0.19428988,0.0011732035073853063,0.1858112492143097,Low
9215,Low,0.13890024,0.10243192,0.002521336206421449,0.10567949118146676,Low
9231,Low,0.21269487,0.18332613,0.010187594387578835,0.17203971271122215,Low
9272,Low,0.2468597,0.21362981,0.010653609546546785,0.19979832686670493,Low
9275,Medium,0.268759,0.24156892,0.010143819133244194,0.22045020799037848,Low
9276,Medium,0.27447185,0.24156892,0.010180342064331232,0.2233120900192902,Low
9278,Medium,0.27408725,0.24610546,0.008274005005984875,0.22442163320634206,Low
9303,Low,0.117804445,0.090556584,0.0013341346978763763,0.09079714625477224,Low
9396,Medium,0.27545404,0.2387181,0.0156791748940858,0.22363024566084017,Low
9398,Medium,0.27545404,0.2387181,0.015070694706060551,0.2235389736326364,Low
9406,Medium,0.14697443,0.120317414,0.008426012083988027,0.11686220787243555,Low
9447,Medium,0.1665512,0.13135819,0.016093205872061374,0.13166495434386769,Low
9450,Medium,0.1665512,0.13143392,0.015493643564444853,0.13160151426232786,Low
9478,Low,0.23916058,0.21179545,0.013055135970286473,0.19566695841624915,Low
9496,Medium,0.32233518,0.31479484,0.4526675730821686,0.3392459301632225,Medium
9500,Medium,0.34806776,0.344442,0.625899461877227,0.38847348510800006,Medium
9511,High,0.3556363,0.35026345,0.7207398148585252,0.40852133232666393,Medium
9515,High,0.3556363,0.35026345,0.7684877960024389,0.41568352949825094,Medium
9536,Medium,0.3556363,0.34917623,0.0770571597234215,0.3115883882018299,Low
9583,Medium,0.22787282,0.20410568,0.02395339774240973,0.18896640534274267,Low
9648,High,0.7248239,0.7889278,0.9850302445305265,0.7862912283452284,High
9658,High,0.7248239,0.7889278,0.9671090809645729,0.7836030538103353,High
9735,High,0.51182395,0.5649693,0.9778728727803444,0.6003321803257735,Medium
9741,High,0.5200078,0.5793352,0.9764211154268001,0.6092344042105349,Medium
9764,High,0.6375679,0.71405935,0.9555150561643272,0.7120319827364777,High
9780,Low,0.3556363,0.35026345,0.44337178427834983,0.3669161277396376,Medium
9821,High,0.67373925,0.75134206,0.9506959165738704,0.742443717205624,High
9833,High,0.71377945,0.7850678,0.9445628414717802,0.7733478678787871,High
9862,Low,0.22453181,0.19361407,0.01960216953245344,0.18297114818377427,Low
9906,Medium,0.27462,0.27611718,0.0027383912222224546,0.23436176104272363,Low
9939,High,0.3512175,0.37054092,0.9492400994665906,0.4476841049010677,Medium
9971,Medium,0.26573685,0.26907578,0.004324365674114504,0.2276935948459292,Low
9993,High,0.3100221,0.3267682,0.9163367093123131,0.40683042020376226,Medium
9994,High,0.3100221,0.32823324,0.9243907726200657,0.40855130845892784,Medium
10039,Medium,0.26971123,0.25539333,0.006020411987914611,0.22514634506997674,Low
10080,Low,0.2734876,0.23881823,0.003424905897553085,0.22084391462227335,Low
10087,Low,0.32179287,0.29034173,0.013882056634670303,0.26459836002603854,Low
10092,Medium,0.23943646,0.21390465,0.01037140856348008,0.19614055778110404,Low
10116,Low,0.11074339,0.085449286,0.0025210261966835843,0.08565709711054044,Low
10141,Low,0.124143325,0.09943762,0.006957511273843093,0.0979184597980711,Low
10172,Low,0.25600016,0.23756029,0.04064906610268673,0.21724353577676164,Low
10214,Medium,0.09965638,0.07925139,0.002247401090209708,0.07790328681643978,Low
10216,Medium,0.101342104,0.08052659,0.002298919251089609,0.0792001959518381,Low
10228,Medium,0.10197396,0.08084071,0.0035861190870714937,0.07981914366357494,Low
10235,Low,0.2585959,0.22654171,0.005170817055301055,0.209363179635703,Low
10275,Medium,0.2991356,0.26837277,0.00385134113525608,0.24407596691354402,Low
10277,Medium,0.2991356,0.26837277,0.004982756145662881,0.24424567916510503,Low
10317,Medium,0.19232121,0.16788298,0.0020541752811143272,0.1552277804231028,Low
10362,Low,0.26110828,0.23307161,0.00763259657684482,0.2132740949518435,Low
10375,Medium,0.20096047,0.16748475,0.012704409187220394,0.16100555315989,Low
10377,Medium,0.2137113,0.18401676,0.017219280452921978,0.1738444112615876,Low
10438,High,0.6922329,0.75639474,0.9555068093222885,0.7541806471002476,High
10445,High,0.72410184,0.78708243,0.9753805889048882,0.7838368191325472,High
10487,Low,0.21598066,0.18928066,0.018357361582789562,0.17699216682134178,Low
10494,Low,0.24869464,0.22261289,0.018352985753391258,0.20501478319969388,Low
10539,Low,0.2039539,0.17262782,0.013103430635452976,0.1643622137854577,Low
10563,Medium,0.3177548,0.29780433,0.013798386484570786,0.26517866710278204,Low
10617,Low,0.22194974,0.19793814,0.0036217501398520297,0.18079648510570223,Low
10699,High,0.32233518,0.3282476,0.13768548129266406,0.29670708530882883,Low
10725,Medium,0.29695007,0.28229246,0.004046220815595758,0.24788432705945027,Low
10740,Low,0.28770635,0.27460462,0.07160643030951303,0.2507057477381079,Low
10784,Low,0.33036593,0.31483546,0.012582187020819265,0.2772626942640604,Low
10796,Low,0.33036593,0.3024921,0.025330279041375817,0.27485473361150115,Low
10825,Low,0.31366938,0.3134418,0.14394610734909857,0.28813125135321926,Low
10829,Medium,0.32895634,0.31619117,0.21167723291415702,0.3068966686029713,Low
10875,Medium,0.3556363,0.35026345,0.3221914642259388,0.348739079731776,Medium
10916,Low,0.2745461,0.25635135,0.0934315736633347,0.24101074063095163,Low
10918,Low,0.27315336,0.2485339,0.09333412410223897,0.23756367051810684,Low
10924,Medium,0.32671028,0.32300273,0.07707073119284659,0.2879667190119653,Low
10928,Low,0.32671028,0.32300273,0.01821335183908645,0.27913811210890127,Low
10947,Low,0.24455038,0.2143084,0.04894182257987939,0.20462439235022348,Low
10978,High,0.32895634,0.33723322,0.9882171926819451,0.4307423826742644,Medium
10983,High,0.3556363,0.36583313,0.990945834457292,0.4545016197173914,Medium
10990,High,0.3556363,0.36583313,0.988923349001076,0.45419824689895905,Medium
10997,High,0.5903787,0.6337031,0.9715524219074525,0.6627182796984714,Medium
11014,High,0.5903787,0.6340868,0.9768393301859593,0.6636456052049263,Medium
11019,High,0.59839094,0.64946723,0.976276918283228,0.6729505246924048,High
11047,High,0.7109343,0.77544653,0.9979225294922208,0.7765618130137684,High
11172,Low,0.11322212,0.086759776,0.003164294268647739,0.08745162679343818,Low
11215,Low,0.22389631,0.18857937,0.004280701031449087,0.17859303873034754,Low
11220,Low,0.22389631,0.18880297,0.0037595927711587857,0.1785931333898941,Low
11255,Medium,0.3556363,0.35026345,0.017574392838476987,0.3030465190236567,Low
11262,Medium,0.3556363,0.35026345,0.10940099214158808,0.31682050891912333,Low
11271,Low,0.10025334,0.06863563,0.002190039741305705,0.07447764518667879,Low
11285,Low,0.10025334,0.06866366,0.0022597505735697365,0.07449791422616454,Low
11302,Low,0.1382601,0.116248,0.0048175763983553275,0.11053948569147327,Low
11306,Low,0.16116491,0.14056177,0.0058282624989234744,0.13065330999060695,Low
11310,Low,0.1960131,0.19009621,0.0057118998097212955,0.16539701619933295,Low
11335,Low,0.25442997,0.23550507,0.008918571097594804,0.210979540291867,Low
11350,Medium,0.2055518,0.17123926,0.007727202685796723,0.16386871887924126,Low
11385,High,0.31042996,0.27287602,0.47993546777580387,0.32271189399602146,Low
11387,High,0.554155,0.6000884,0.9934741872960935,0.6361295673014911,Medium
11423,High,0.643502,0.7168702,0.9975573354945867,0.7222891589103086,High
11437,High,0.6775077,0.74970937,0.9977363636219088,0.7508125765640077,High
11472,High,0.62081534,0.6611236,0.9958522537263974,0.6911787542538754,High
11557,Low,0.21834296,0.17649998,0.024260266310042564,0.17458551879019535,Low
11570,Low,0.2466197,0.23537815,0.0014622528785148815,0.2059115397845757,Low
11575,Medium,0.18566145,0.1560922,0.000567932683036939,0.1475481837627003,Low
11583,Medium,0.2053921,0.16584697,0.0006274735872103535,0.1608366125217699,Low
11599,Medium,0.23813702,0.21238011,5.5812658129056535e-05,0.19340991718489794,Low
